-- Drink Library + Profit Intelligence Demo Seed
-- Run after drink_profit_migration.sql

-- ── Cost per oz on existing inventory items ──────────────────────────────────
update inventory_items set cost_per_oz = 0.87 where id = '10000000-0000-0000-0000-000000000001'; -- Tito's Vodka
update inventory_items set cost_per_oz = 0.71 where id = '10000000-0000-0000-0000-000000000002'; -- Bacardi White Rum
update inventory_items set cost_per_oz = 1.74 where id = '10000000-0000-0000-0000-000000000003'; -- Patron Silver
update inventory_items set cost_per_oz = 1.06 where id = '10000000-0000-0000-0000-000000000004'; -- Tanqueray Gin
update inventory_items set cost_per_oz = 0.95 where id = '10000000-0000-0000-0000-000000000005'; -- Jack Daniel's
update inventory_items set cost_per_oz = 1.18 where id = '10000000-0000-0000-0000-000000000006'; -- Kahlua

-- ── Additional inventory items for richer library ────────────────────────────
insert into inventory_items (id, business_id, name, unit, category, cost_per_oz) values
  ('10000000-0000-0000-0000-000000000007', '00000000-0000-0000-0000-000000000001', 'Triple Sec', 'oz', 'Liqueur', 0.63),
  ('10000000-0000-0000-0000-000000000008', '00000000-0000-0000-0000-000000000001', 'Fresh Lime Juice', 'oz', 'Mixer', 0.22),
  ('10000000-0000-0000-0000-000000000009', '00000000-0000-0000-0000-000000000001', 'Heavy Cream', 'oz', 'Mixer', 0.11),
  ('10000000-0000-0000-0000-000000000010', '00000000-0000-0000-0000-000000000001', 'Simple Syrup', 'oz', 'Mixer', 0.08)
on conflict (business_id, name) do nothing;

-- ── Additional menu items ────────────────────────────────────────────────────
insert into menu_items (id, business_id, name, category) values
  ('20000000-0000-0000-0000-000000000009', '00000000-0000-0000-0000-000000000001', 'Tom Collins', 'Cocktails'),
  ('20000000-0000-0000-0000-000000000010', '00000000-0000-0000-0000-000000000001', 'Espresso Martini', 'Cocktails')
on conflict (business_id, name) do nothing;

-- ── Recipes for new menu items ───────────────────────────────────────────────
insert into menu_item_recipes (menu_item_id, inventory_item_id, quantity, unit) values
  -- Tom Collins: 2oz gin + 0.75oz lime juice + 0.5oz simple syrup
  ('20000000-0000-0000-0000-000000000009', '10000000-0000-0000-0000-000000000004', 2, 'oz'),
  ('20000000-0000-0000-0000-000000000009', '10000000-0000-0000-0000-000000000008', 0.75, 'oz'),
  ('20000000-0000-0000-0000-000000000009', '10000000-0000-0000-0000-000000000010', 0.5, 'oz'),
  -- Espresso Martini: 1.5oz vodka + 0.75oz Kahlua
  ('20000000-0000-0000-0000-000000000010', '10000000-0000-0000-0000-000000000001', 1.5, 'oz'),
  ('20000000-0000-0000-0000-000000000010', '10000000-0000-0000-0000-000000000006', 0.75, 'oz')
on conflict (menu_item_id, inventory_item_id) do nothing;

-- ── Drink library items ──────────────────────────────────────────────────────
insert into drink_library_items (id, business_id, name, category, glassware, garnish, instructions, menu_item_id) values
  ('30000000-0000-0000-0000-000000000001', '00000000-0000-0000-0000-000000000001',
    'Vodka Soda', 'cocktail', 'highball', 'lime wedge',
    'Fill glass with ice. Add vodka. Top with soda water. Squeeze lime and drop in.',
    '20000000-0000-0000-0000-000000000001'),

  ('30000000-0000-0000-0000-000000000002', '00000000-0000-0000-0000-000000000001',
    'Mojito', 'cocktail', 'highball', 'mint sprig + lime wheel',
    'Muddle lime wedges and mint in glass. Add rum. Fill with ice. Top with soda water. Stir gently.',
    '20000000-0000-0000-0000-000000000002'),

  ('30000000-0000-0000-0000-000000000003', '00000000-0000-0000-0000-000000000001',
    'Margarita', 'cocktail', 'rocks', 'salt rim + lime wedge',
    'Salt rim optional. Combine tequila, triple sec, and lime juice in shaker with ice. Shake vigorously. Strain over fresh ice.',
    '20000000-0000-0000-0000-000000000003'),

  ('30000000-0000-0000-0000-000000000004', '00000000-0000-0000-0000-000000000001',
    'Gin & Tonic', 'cocktail', 'highball', 'lime wedge + juniper berries',
    'Fill glass with ice. Add gin. Top with tonic water. Gently stir. Garnish with lime.',
    '20000000-0000-0000-0000-000000000004'),

  ('30000000-0000-0000-0000-000000000005', '00000000-0000-0000-0000-000000000001',
    'Jack & Coke', 'cocktail', 'rocks', 'lime wedge',
    'Fill glass with ice. Add whiskey. Top with Coca-Cola. Stir lightly.',
    '20000000-0000-0000-0000-000000000005'),

  ('30000000-0000-0000-0000-000000000006', '00000000-0000-0000-0000-000000000001',
    'White Russian', 'cocktail', 'rocks', null,
    'Fill rocks glass with ice. Add vodka and Kahlua. Float heavy cream on top. Do not stir.',
    '20000000-0000-0000-0000-000000000006'),

  ('30000000-0000-0000-0000-000000000007', '00000000-0000-0000-0000-000000000001',
    'Vodka Shot', 'shot', 'shot glass', null,
    'Pour chilled vodka into shot glass. Serve immediately.',
    '20000000-0000-0000-0000-000000000007'),

  ('30000000-0000-0000-0000-000000000008', '00000000-0000-0000-0000-000000000001',
    'Tequila Shot', 'shot', 'shot glass', 'lime + salt',
    'Pour tequila into shot glass. Serve with lime wedge and salt on the side.',
    '20000000-0000-0000-0000-000000000008'),

  ('30000000-0000-0000-0000-000000000009', '00000000-0000-0000-0000-000000000001',
    'Tom Collins', 'cocktail', 'collins', 'lemon wheel + cherry',
    'Combine gin, lime juice, and simple syrup in shaker with ice. Shake well. Strain into ice-filled Collins glass. Top with soda water.',
    '20000000-0000-0000-0000-000000000009'),

  ('30000000-0000-0000-0000-000000000010', '00000000-0000-0000-0000-000000000001',
    'Espresso Martini', 'cocktail', 'martini', '3 coffee beans',
    'Combine vodka, Kahlua, and freshly pulled espresso in shaker with ice. Shake hard to create foam. Double strain into chilled martini glass. Garnish with 3 beans.',
    '20000000-0000-0000-0000-000000000010')
on conflict (business_id, name) do nothing;

-- ── Drink library ingredients ────────────────────────────────────────────────
insert into drink_library_ingredients (drink_library_id, inventory_item_id, ingredient_name, quantity_oz, sort_order) values
  -- Vodka Soda
  ('30000000-0000-0000-0000-000000000001', '10000000-0000-0000-0000-000000000001', 'Tito''s Vodka', 1.5, 1),
  -- Mojito
  ('30000000-0000-0000-0000-000000000002', '10000000-0000-0000-0000-000000000002', 'Bacardi White Rum', 2.0, 1),
  -- Margarita
  ('30000000-0000-0000-0000-000000000003', '10000000-0000-0000-0000-000000000003', 'Patron Silver Tequila', 2.0, 1),
  ('30000000-0000-0000-0000-000000000003', '10000000-0000-0000-0000-000000000007', 'Triple Sec', 0.75, 2),
  ('30000000-0000-0000-0000-000000000003', '10000000-0000-0000-0000-000000000008', 'Fresh Lime Juice', 1.0, 3),
  -- Gin & Tonic
  ('30000000-0000-0000-0000-000000000004', '10000000-0000-0000-0000-000000000004', 'Tanqueray Gin', 1.5, 1),
  -- Jack & Coke
  ('30000000-0000-0000-0000-000000000005', '10000000-0000-0000-0000-000000000005', 'Jack Daniel''s Whiskey', 1.5, 1),
  -- White Russian
  ('30000000-0000-0000-0000-000000000006', '10000000-0000-0000-0000-000000000001', 'Tito''s Vodka', 1.5, 1),
  ('30000000-0000-0000-0000-000000000006', '10000000-0000-0000-0000-000000000006', 'Kahlua', 0.75, 2),
  ('30000000-0000-0000-0000-000000000006', '10000000-0000-0000-0000-000000000009', 'Heavy Cream', 0.5, 3),
  -- Vodka Shot
  ('30000000-0000-0000-0000-000000000007', '10000000-0000-0000-0000-000000000001', 'Tito''s Vodka', 1.5, 1),
  -- Tequila Shot
  ('30000000-0000-0000-0000-000000000008', '10000000-0000-0000-0000-000000000003', 'Patron Silver Tequila', 1.5, 1),
  -- Tom Collins
  ('30000000-0000-0000-0000-000000000009', '10000000-0000-0000-0000-000000000004', 'Tanqueray Gin', 2.0, 1),
  ('30000000-0000-0000-0000-000000000009', '10000000-0000-0000-0000-000000000008', 'Fresh Lime Juice', 0.75, 2),
  ('30000000-0000-0000-0000-000000000009', '10000000-0000-0000-0000-000000000010', 'Simple Syrup', 0.5, 3),
  -- Espresso Martini
  ('30000000-0000-0000-0000-000000000010', '10000000-0000-0000-0000-000000000001', 'Tito''s Vodka', 1.5, 1),
  ('30000000-0000-0000-0000-000000000010', '10000000-0000-0000-0000-000000000006', 'Kahlua', 0.75, 2);

-- ── Drink library aliases ────────────────────────────────────────────────────
insert into drink_library_aliases (drink_library_id, alias) values
  ('30000000-0000-0000-0000-000000000001', 'Vodka Club'),
  ('30000000-0000-0000-0000-000000000001', 'VS'),
  ('30000000-0000-0000-0000-000000000002', 'Mojo'),
  ('30000000-0000-0000-0000-000000000003', 'Marg'),
  ('30000000-0000-0000-0000-000000000003', 'On the rocks margarita'),
  ('30000000-0000-0000-0000-000000000004', 'G&T'),
  ('30000000-0000-0000-0000-000000000005', 'JD & Coke'),
  ('30000000-0000-0000-0000-000000000005', 'Jack Coke'),
  ('30000000-0000-0000-0000-000000000006', 'White Russ'),
  ('30000000-0000-0000-0000-000000000007', 'Vod Shot'),
  ('30000000-0000-0000-0000-000000000008', 'Tequila Slam'),
  ('30000000-0000-0000-0000-000000000009', 'Collins'),
  ('30000000-0000-0000-0000-000000000010', 'Espresso Martini', ),
  ('30000000-0000-0000-0000-000000000010', 'Espresso Tini')
on conflict (drink_library_id, alias) do nothing;

-- ── Sample sales data for profit demo (7 days) ───────────────────────────────
insert into sales_uploads (id, business_id, filename, period_start, period_end, row_count) values
  ('50000000-0000-0000-0000-000000000001', '00000000-0000-0000-0000-000000000001',
   'demo_week_sales.csv', '2026-03-02', '2026-03-08', 56)
on conflict (id) do nothing;

insert into sales_transactions (upload_id, business_id, sale_date, raw_item_name, menu_item_id, quantity_sold, gross_sales) values
  -- Mon Mar 2
  ('50000000-0000-0000-0000-000000000001','00000000-0000-0000-0000-000000000001','2026-03-02','Vodka Soda','20000000-0000-0000-0000-000000000001',8,72),
  ('50000000-0000-0000-0000-000000000001','00000000-0000-0000-0000-000000000001','2026-03-02','Mojito','20000000-0000-0000-0000-000000000002',5,60),
  ('50000000-0000-0000-0000-000000000001','00000000-0000-0000-0000-000000000001','2026-03-02','Margarita','20000000-0000-0000-0000-000000000003',7,91),
  ('50000000-0000-0000-0000-000000000001','00000000-0000-0000-0000-000000000001','2026-03-02','Gin & Tonic','20000000-0000-0000-0000-000000000004',4,44),
  ('50000000-0000-0000-0000-000000000001','00000000-0000-0000-0000-000000000001','2026-03-02','Tequila Shot','20000000-0000-0000-0000-000000000008',6,42),
  -- Tue Mar 3
  ('50000000-0000-0000-0000-000000000001','00000000-0000-0000-0000-000000000001','2026-03-03','Vodka Soda','20000000-0000-0000-0000-000000000001',11,99),
  ('50000000-0000-0000-0000-000000000001','00000000-0000-0000-0000-000000000001','2026-03-03','Jack & Coke','20000000-0000-0000-0000-000000000005',9,90),
  ('50000000-0000-0000-0000-000000000001','00000000-0000-0000-0000-000000000001','2026-03-03','White Russian','20000000-0000-0000-0000-000000000006',3,36),
  ('50000000-0000-0000-0000-000000000001','00000000-0000-0000-0000-000000000001','2026-03-03','Espresso Martini','20000000-0000-0000-0000-000000000010',6,84),
  ('50000000-0000-0000-0000-000000000001','00000000-0000-0000-0000-000000000001','2026-03-03','Vodka Shot','20000000-0000-0000-0000-000000000007',4,24),
  -- Wed Mar 4
  ('50000000-0000-0000-0000-000000000001','00000000-0000-0000-0000-000000000001','2026-03-04','Margarita','20000000-0000-0000-0000-000000000003',12,156),
  ('50000000-0000-0000-0000-000000000001','00000000-0000-0000-0000-000000000001','2026-03-04','Mojito','20000000-0000-0000-0000-000000000002',8,96),
  ('50000000-0000-0000-0000-000000000001','00000000-0000-0000-0000-000000000001','2026-03-04','Tom Collins','20000000-0000-0000-0000-000000000009',5,60),
  ('50000000-0000-0000-0000-000000000001','00000000-0000-0000-0000-000000000001','2026-03-04','Gin & Tonic','20000000-0000-0000-0000-000000000004',7,77),
  -- Thu Mar 5
  ('50000000-0000-0000-0000-000000000001','00000000-0000-0000-0000-000000000001','2026-03-05','Vodka Soda','20000000-0000-0000-0000-000000000001',14,126),
  ('50000000-0000-0000-0000-000000000001','00000000-0000-0000-0000-000000000001','2026-03-05','Espresso Martini','20000000-0000-0000-0000-000000000010',10,140),
  ('50000000-0000-0000-0000-000000000001','00000000-0000-0000-0000-000000000001','2026-03-05','White Russian','20000000-0000-0000-0000-000000000006',6,72),
  ('50000000-0000-0000-0000-000000000001','00000000-0000-0000-0000-000000000001','2026-03-05','Jack & Coke','20000000-0000-0000-0000-000000000005',8,80),
  ('50000000-0000-0000-0000-000000000001','00000000-0000-0000-0000-000000000001','2026-03-05','Tequila Shot','20000000-0000-0000-0000-000000000008',9,63),
  -- Fri Mar 6
  ('50000000-0000-0000-0000-000000000001','00000000-0000-0000-0000-000000000001','2026-03-06','Margarita','20000000-0000-0000-0000-000000000003',18,234),
  ('50000000-0000-0000-0000-000000000001','00000000-0000-0000-0000-000000000001','2026-03-06','Vodka Soda','20000000-0000-0000-0000-000000000001',20,180),
  ('50000000-0000-0000-0000-000000000001','00000000-0000-0000-0000-000000000001','2026-03-06','Espresso Martini','20000000-0000-0000-0000-000000000010',15,210),
  ('50000000-0000-0000-0000-000000000001','00000000-0000-0000-0000-000000000001','2026-03-06','Tequila Shot','20000000-0000-0000-0000-000000000008',22,154),
  ('50000000-0000-0000-0000-000000000001','00000000-0000-0000-0000-000000000001','2026-03-06','Mojito','20000000-0000-0000-0000-000000000002',11,132),
  ('50000000-0000-0000-0000-000000000001','00000000-0000-0000-0000-000000000001','2026-03-06','Tom Collins','20000000-0000-0000-0000-000000000009',8,96),
  -- Sat Mar 7
  ('50000000-0000-0000-0000-000000000001','00000000-0000-0000-0000-000000000001','2026-03-07','Margarita','20000000-0000-0000-0000-000000000003',24,312),
  ('50000000-0000-0000-0000-000000000001','00000000-0000-0000-0000-000000000001','2026-03-07','Vodka Soda','20000000-0000-0000-0000-000000000001',26,234),
  ('50000000-0000-0000-0000-000000000001','00000000-0000-0000-0000-000000000001','2026-03-07','Espresso Martini','20000000-0000-0000-0000-000000000010',19,266),
  ('50000000-0000-0000-0000-000000000001','00000000-0000-0000-0000-000000000001','2026-03-07','Jack & Coke','20000000-0000-0000-0000-000000000005',14,140),
  ('50000000-0000-0000-0000-000000000001','00000000-0000-0000-0000-000000000001','2026-03-07','Gin & Tonic','20000000-0000-0000-0000-000000000004',12,132),
  ('50000000-0000-0000-0000-000000000001','00000000-0000-0000-0000-000000000001','2026-03-07','Mojito','20000000-0000-0000-0000-000000000002',16,192),
  ('50000000-0000-0000-0000-000000000001','00000000-0000-0000-0000-000000000001','2026-03-07','Tequila Shot','20000000-0000-0000-0000-000000000008',18,126),
  ('50000000-0000-0000-0000-000000000001','00000000-0000-0000-0000-000000000001','2026-03-07','White Russian','20000000-0000-0000-0000-000000000006',9,108),
  ('50000000-0000-0000-0000-000000000001','00000000-0000-0000-0000-000000000001','2026-03-07','Vodka Shot','20000000-0000-0000-0000-000000000007',12,72),
  -- Sun Mar 8
  ('50000000-0000-0000-0000-000000000001','00000000-0000-0000-0000-000000000001','2026-03-08','Margarita','20000000-0000-0000-0000-000000000003',14,182),
  ('50000000-0000-0000-0000-000000000001','00000000-0000-0000-0000-000000000001','2026-03-08','Vodka Soda','20000000-0000-0000-0000-000000000001',16,144),
  ('50000000-0000-0000-0000-000000000001','00000000-0000-0000-0000-000000000001','2026-03-08','Espresso Martini','20000000-0000-0000-0000-000000000010',12,168),
  ('50000000-0000-0000-0000-000000000001','00000000-0000-0000-0000-000000000001','2026-03-08','Tom Collins','20000000-0000-0000-0000-000000000009',7,84),
  ('50000000-0000-0000-0000-000000000001','00000000-0000-0000-0000-000000000001','2026-03-08','Jack & Coke','20000000-0000-0000-0000-000000000005',10,100),
  ('50000000-0000-0000-0000-000000000001','00000000-0000-0000-0000-000000000001','2026-03-08','Mojito','20000000-0000-0000-0000-000000000002',8,96),
  ('50000000-0000-0000-0000-000000000001','00000000-0000-0000-0000-000000000001','2026-03-08','Gin & Tonic','20000000-0000-0000-0000-000000000004',6,66),
  ('50000000-0000-0000-0000-000000000001','00000000-0000-0000-0000-000000000001','2026-03-08','White Russian','20000000-0000-0000-0000-000000000006',5,60),
  ('50000000-0000-0000-0000-000000000001','00000000-0000-0000-0000-000000000001','2026-03-08','Tequila Shot','20000000-0000-0000-0000-000000000008',11,77);
